action_datetime,path_name,method,ip,status_response,request_query,duration
2025-06-13T10:40:12.227Z,,,,,"",0
2025-06-13T10:41:42.752Z,,,,,"",0
2025-06-13T10:44:01.785Z,,,,,"",0
2025-06-13T10:44:03.693Z,,,,,"",0
2025-06-13T10:44:05.076Z,,,,,"",0
2025-06-13T10:44:21.034Z,,,,,"",0
2025-06-13T10:44:25.692Z,,,,,"",0
2025-06-13T10:44:26.707Z,,,,,"",0
2025-06-13T10:44:27.557Z,,,,,"",0
2025-06-13T10:44:28.277Z,,,,,"",0
2025-06-13T10:44:33.843Z,,,,,"",0
2025-06-13T10:44:41.501Z,,,,,"",0
2025-06-13T10:47:40.096Z,,,,,"",0
2025-06-13T10:47:43.377Z,,,,,"",0
